date,temperature,precipitation,days_to_maturity,rain_to_maturity,viable
2021-05-26,12.7962,0.0033,241,437.5156,0
2021-05-27,13.2471,0.0253,240,437.4922,0
2021-05-28,14.1270,0.0005,240,441.6914,0
2021-05-29,14.0159,0.0000,239,441.6914,0
2021-05-30,14.2206,0.0000,239,445.6992,0
2021-05-31,15.1611,0.0634,239,460.1758,0
2021-06-01,17.1656,0.7424,238,459.4336,0
2021-06-02,17.0669,2.2411,238,459.4922,0
2021-06-03,16.5802,2.3255,238,460.3750,0
2021-06-04,16.0063,1.2169,238,470.5000,0
2021-06-05,13.5626,1.3771,237,469.1211,0
2021-06-06,12.5728,0.1483,237,486.4141,0
2021-06-07,13.5523,0.2728,236,486.1406,0
2021-06-08,13.7657,0.0196,236,500.8320,0
2021-06-09,13.2691,0.2537,235,500.5781,0
2021-06-10,13.4415,0.0010,235,501.3242,0
2021-06-11,13.7578,0.1040,234,501.2188,0
2021-06-12,12.7378,0.0114,234,503.6797,0
2021-06-13,13.0162,0.0000,233,503.6797,0
2021-06-14,13.4133,0.0000,233,506.7383,0
2021-06-15,13.3347,0.0000,232,506.7383,0
2021-06-16,12.6788,0.0000,232,524.7422,0
2021-06-17,13.5234,0.0000,231,524.7422,0
2021-06-18,14.1379,0.0415,231,532.7148,0
2021-06-19,13.4406,1.3647,230,531.3516,0
2021-06-20,12.7053,0.5941,229,530.7578,0
2021-06-21,13.1723,0.1106,229,543.7422,0
2021-06-22,14.1095,0.9117,228,542.8320,0
2021-06-23,13.2879,0.4897,228,571.5391,0
2021-06-24,13.2761,0.2928,228,639.5000,0
2021-06-25,13.8029,0.0582,227,639.4414,0
2021-06-26,13.8130,0.0005,227,646.9023,0
2021-06-27,13.6054,0.0000,226,646.9023,0
2021-06-28,13.9229,0.0000,226,659.6484,0
2021-06-29,13.6877,0.0000,225,659.6484,0
2021-06-30,14.2907,0.0000,225,678.1367,0
2021-07-01,14.8076,0.0000,224,678.1367,0
2021-07-02,14.0165,0.0000,224,692.3711,0
2021-07-03,13.0305,0.0000,224,708.0586,0
2021-07-04,12.6499,0.0000,223,708.0586,0
2021-07-05,13.7076,0.0000,223,724.1719,0
2021-07-06,13.8865,0.0772,222,724.0938,0
2021-07-07,13.0233,0.8216,222,751.0898,0
2021-07-08,12.0043,0.2074,221,750.8828,0
2021-07-09,12.0803,0.0000,221,796.3789,0
2021-07-10,12.2538,0.1454,220,796.2344,0
2021-07-11,13.1182,2.2798,220,810.0703,0
2021-07-12,13.9658,1.9627,219,808.1094,0
2021-07-13,14.6425,0.8993,219,816.7148,0
2021-07-14,15.1607,0.7348,218,815.9805,0
2021-07-15,14.1766,1.6785,218,829.0117,0
2021-07-16,14.1918,0.1426,218,831.5117,0
2021-07-17,12.7238,0.0324,217,831.4805,0
2021-07-18,12.7721,0.0491,217,838.3672,0
2021-07-19,12.3884,0.2608,216,838.1055,0
2021-07-20,13.0934,0.0348,215,838.0703,0
2021-07-21,14.4269,0.0000,215,852.5977,0
2021-07-22,15.2696,0.0477,214,852.5508,0
2021-07-23,15.7903,0.2742,214,877.8750,0
2021-07-24,12.1165,2.3923,214,890.0781,0
2021-07-25,10.7935,0.3524,213,889.7266,0
2021-07-26,10.9763,0.9031,212,888.8242,0
2021-07-27,11.4427,0.1507,212,899.4336,0
2021-07-28,11.5629,0.0005,211,899.4336,0
2021-07-29,12.2429,0.0000,210,899.4336,0
2021-07-30,13.3537,0.0062,210,906.6328,0
2021-07-31,14.1014,0.5927,209,906.0391,0
2021-08-01,13.8765,0.5083,209,923.6406,0
2021-08-02,14.0575,0.6537,208,922.9883,0
2021-08-03,13.9726,0.0367,208,938.3125,0
2021-08-04,13.4224,0.0038,208,949.7383,0
2021-08-05,13.6228,0.0620,207,949.6758,0
2021-08-06,14.1430,0.0968,207,963.7617,0
2021-08-07,14.6685,0.0000,206,963.7617,0
2021-08-08,14.4932,0.0000,206,977.1367,0
2021-08-09,15.7876,0.0000,205,977.1367,0
2021-08-10,16.0546,0.0000,205,989.8398,0
2021-08-11,14.1259,0.0014,205,1001.3711,0
2021-08-12,13.9755,0.0000,204,1001.3711,0
2021-08-13,15.1638,0.0000,204,1003.6758,0
2021-08-14,15.5564,0.0038,203,1003.6719,0
2021-08-15,14.5222,0.3700,203,1007.2539,0
2021-08-16,14.5190,1.1258,203,1014.2422,0
2021-08-17,15.2208,0.2108,202,1014.0312,0
2021-08-18,15.5155,0.0038,202,1023.3477,0
2021-08-19,15.9809,0.0000,201,1023.3477,0
2021-08-20,16.8488,0.0272,201,1026.7266,0
2021-08-21,17.7775,0.0024,201,1042.2344,0
2021-08-22,18.4267,0.1583,201,1055.1016,0
2021-08-23,18.3536,0.4535,201,1066.8711,0
2021-08-24,17.9521,0.1807,201,1069.6328,0
2021-08-25,17.5980,0.0000,200,1069.6328,0
2021-08-26,17.9055,0.0000,200,1070.5234,0
2021-08-27,18.2356,0.0000,200,1082.4531,0
2021-08-28,18.5333,0.0172,200,1094.6992,0
2021-08-29,19.1805,0.0000,200,1106.2031,0
2021-08-30,16.4759,0.0005,200,1112.9062,0
2021-08-31,17.0084,0.0000,200,1118.4844,0
2021-09-01,17.8385,0.0000,199,1118.4844,0
2021-09-02,18.2132,0.0982,199,1133.7539,0
2021-09-03,17.8322,0.0272,199,1137.8789,0
2021-09-04,17.2839,0.0086,199,1140.3594,0
2021-09-05,16.7853,0.0005,199,1146.3359,0
2021-09-06,16.6917,0.5774,199,1151.9414,0
2021-09-07,17.2978,0.2098,199,1153.0977,0
2021-09-08,17.9918,0.0124,199,1154.0508,0
2021-09-09,18.0070,0.0186,198,1154.0312,0
2021-09-10,16.9676,0.8798,198,1158.4492,0
2021-09-11,15.2751,2.6269,198,1158.7695,0
2021-09-12,16.4690,0.1712,198,1164.5430,0
2021-09-13,17.2257,0.1736,197,1164.3711,0
2021-09-14,18.0525,0.7162,197,1169.7227,0
2021-09-15,18.3096,0.0310,197,1177.9375,0
2021-09-16,19.3055,0.0010,197,1179.3594,0
2021-09-17,19.8646,0.1125,197,1183.3398,0
2021-09-18,19.4349,0.0019,197,1188.1680,0
2021-09-19,16.5773,1.7452,197,1201.8359,0
2021-09-20,17.4672,0.7539,197,1215.3203,0
2021-09-21,18.6187,0.0000,197,1228.0664,0
2021-09-22,18.9456,0.0000,197,1237.6016,0
2021-09-23,17.4093,1.5864,197,1244.4258,0
2021-09-24,17.6176,0.9999,196,1243.4258,0
2021-09-25,17.9431,0.5813,196,1247.0547,0
2021-09-26,19.1585,0.0291,196,1253.3086,0
2021-09-27,20.0793,0.0000,196,1253.5977,0
2021-09-28,20.4103,0.1116,196,1254.6016,0
2021-09-29,21.0396,0.2370,197,1259.0352,0
2021-09-30,20.6057,0.0000,197,1260.3789,0
2021-10-01,20.0277,0.1087,197,1263.5586,0
2021-10-02,20.2703,0.0901,197,1265.1758,0
2021-10-03,21.3884,1.3642,197,1267.7930,0
2021-10-04,21.0177,0.9446,197,1268.8828,0
2021-10-05,20.6141,0.4230,197,1270.5664,0
2021-10-06,20.4109,0.0172,197,1272.6484,0
2021-10-07,20.2866,0.0000,198,1275.4453,0
2021-10-08,19.3998,0.0000,198,1276.9141,0
2021-10-09,20.0627,0.0000,198,1278.7461,0
2021-10-10,21.4476,0.0000,198,1287.7969,0
2021-10-11,19.0867,0.6766,198,1295.7969,0
2021-10-12,16.6842,1.7929,198,1295.3828,0
2021-10-13,18.4391,0.8407,199,1296.6953,0
2021-10-14,20.3441,0.6151,199,1296.3555,0
2021-10-15,20.5304,0.2942,199,1296.8867,0
2021-10-16,21.2154,0.2108,200,1298.6211,0
2021-10-17,21.8643,0.4678,201,1299.1055,0
2021-10-18,20.9626,1.6665,201,1297.6250,0
2021-10-19,20.2572,0.0038,202,1297.6875,0
2021-10-20,19.1351,1.1077,202,1296.5781,0
2021-10-21,17.9546,1.6184,203,1295.2070,0
2021-10-22,20.1114,0.4215,203,1294.8125,0
2021-10-23,21.8856,0.1068,203,1294.7773,0
2021-10-24,22.9176,0.2775,204,1295.8281,0
2021-10-25,22.0008,0.0000,205,1296.8711,0
2021-10-26,20.9511,3.9053,206,1293.6602,0
2021-10-27,20.8304,0.8860,207,1293.1016,0
2021-10-28,18.7543,5.9695,207,1287.5859,0
2021-10-29,19.8258,0.2341,207,1287.3672,0
2021-10-30,21.2860,0.0191,207,1287.8203,0
2021-10-31,21.8678,2.3856,208,1286.2852,0
2021-11-01,22.1959,1.7452,209,1284.5391,0
2021-11-02,22.5118,0.0329,210,1285.8906,0
2021-11-03,22.8217,0.2575,211,1286.8359,0
2021-11-04,23.1203,0.5603,213,1287.6289,0
2021-11-05,23.1548,0.0000,215,1288.4258,0
2021-11-06,23.4434,0.0000,217,1289.9922,0
2021-11-07,23.3254,0.0000,218,1290.0352,0
2021-11-08,23.2527,0.0000,220,1290.9023,0
2021-11-09,23.7068,0.0000,221,1291.6133,0
2021-11-10,23.0639,0.7291,222,1290.9062,0
2021-11-11,23.3377,0.0687,224,1291.0273,0
2021-11-12,23.4275,0.3452,226,1292.1367,0
2021-11-13,23.3370,0.0005,229,1300.0117,0
2021-11-14,22.5148,0.1054,231,1301.4180,0
2021-11-15,22.0388,0.1736,232,1301.7695,0
2021-11-16,21.5328,0.2537,234,1303.8789,0
2021-11-17,22.4006,0.3219,236,1307.0391,0
2021-11-18,22.8910,0.2208,238,1308.3555,0
2021-11-19,22.7121,1.4811,239,1307.1328,0
2021-11-20,23.4683,0.1945,241,1308.8984,0
2021-11-21,23.0849,0.1116,242,1308.8438,0
2021-11-22,23.2172,0.0000,244,1309.8438,0
2021-11-23,23.5402,0.1979,245,1311.2305,0
2021-11-24,24.6295,0.2046,247,1312.0859,0
2021-11-25,21.1876,5.3253,249,1307.0273,0
2021-11-26,18.5542,5.4846,250,1303.7109,0
2021-11-27,18.6453,3.1042,251,1301.3711,0
2021-11-28,19.3701,1.0848,251,1300.2852,0
2021-11-29,21.4671,0.2751,252,1300.0117,0
2021-11-30,22.5040,0.7224,253,1299.2891,0
2021-12-01,22.3434,0.7577,254,1299.0000,0
2021-12-02,21.7861,0.6094,255,1298.6289,0
2021-12-03,22.0002,0.2050,256,1298.4297,0
2021-12-04,21.8787,0.1583,256,1298.4961,0
2021-12-05,22.4817,0.5498,257,1297.9453,0
2021-12-06,22.3721,0.1998,257,1298.0234,0
2021-12-07,22.3692,0.2184,258,1300.4727,0
2021-12-08,22.7646,0.0739,259,1303.7383,0
2021-12-09,22.8819,0.0906,260,1304.6172,0
2021-12-10,22.8557,0.1655,261,1304.7500,0
2021-12-11,21.7635,0.0854,262,1304.7188,0
2021-12-12,22.1038,0.1173,263,1306.0820,0
2021-12-13,22.2114,0.1044,264,1306.0312,0
2021-12-14,22.3285,0.3662,265,1305.6641,0
2021-12-15,23.1111,0.0010,266,1305.7500,0
2021-12-16,22.6196,0.5879,266,1306.9688,1
2021-12-17,22.8779,4.1189,267,1303.1406,1
2021-12-18,19.9222,10.7608,268,1292.4297,1
2021-12-19,18.0548,16.4742,268,1275.9570,0
2021-12-20,19.3654,8.2531,268,1268.0469,0
2021-12-21,19.5526,4.6730,268,1264.0820,0
2021-12-22,20.9499,1.7495,269,1263.3867,0
2021-12-23,22.3687,0.2961,269,1263.0898,0
2021-12-24,23.5615,0.3281,270,1262.7617,0
2021-12-25,22.8571,0.1049,270,1262.6602,0
2021-12-26,23.0601,0.0114,271,1262.6523,0
2021-12-27,23.0109,0.0048,271,1262.8125,0
2021-12-28,23.1563,0.0000,272,1264.3047,0
2021-12-29,23.3887,0.0000,272,1264.4570,1
2021-12-30,22.9760,0.2861,272,1264.1719,1
2021-12-31,20.5677,15.0971,273,1249.7305,1
2022-01-01,19.1335,10.7923,273,1238.9375,1
2022-01-02,19.9455,9.9983,273,1228.9375,1
2022-01-03,19.2708,15.5063,273,1213.4297,1
2022-01-04,19.8820,20.0400,273,1193.3906,1
2022-01-05,19.0687,13.6895,273,1179.6992,1
2022-01-06,19.4981,7.3509,273,1172.3477,1
2022-01-07,19.7291,3.3984,273,1168.9492,1
2022-01-08,18.1212,23.8757,273,1145.0742,1
2022-01-09,18.2893,21.1773,273,1123.8984,1
2022-01-10,19.2393,11.4474,272,1112.4492,1
2022-01-11,20.4932,15.7585,272,1096.6914,1
2022-01-12,19.7441,14.2198,273,1082.4727,0
2022-01-13,20.1910,2.2221,273,1080.2500,0
2022-01-14,18.7046,7.2198,273,1073.0312,1
2022-01-15,18.6912,2.5868,272,1070.4453,1
2022-01-16,18.6225,7.2627,272,1063.1836,1
2022-01-17,17.6057,20.4258,272,1042.7578,1
2022-01-18,18.8365,18.5556,272,1024.2031,1
2022-01-19,17.4757,26.2213,272,997.9805,1
2022-01-20,17.9778,5.2314,272,992.7500,1
2022-01-21,17.5674,16.4843,272,976.2656,0
2022-01-22,17.7940,5.8265,271,970.4375,1
2022-01-23,18.3192,4.1990,271,966.2383,1
2022-01-24,18.3215,4.0073,271,962.2695,1
2022-01-25,18.9788,14.5383,271,948.3047,0
2022-01-26,20.5996,2.2998,270,946.0039,1
2022-01-27,19.4190,3.2082,270,943.9141,1
2022-01-28,19.3552,11.3435,270,933.4922,1
2022-01-29,18.0302,17.4408,270,916.2969,0
2022-01-30,18.8284,14.7114,270,901.5859,0
2022-01-31,19.1389,0.7443,270,900.8398,1
2022-02-01,18.8583,2.4719,269,898.3672,1
2022-02-02,19.7139,3.0594,269,895.3086,1
2022-02-03,19.8248,18.0020,269,877.4805,1
2022-02-04,18.4473,8.0166,269,869.4805,1
2022-02-05,17.8584,13.0935,269,857.5000,1
2022-02-06,17.4949,29.1967,268,828.3047,1
2022-02-07,17.7020,68.2530,268,760.0547,1
2022-02-08,19.1880,7.4620,267,752.5938,1
2022-02-09,18.9446,12.7449,267,739.8477,1
2022-02-10,18.4351,18.4875,267,721.6406,1
2022-02-11,18.4530,14.2360,267,707.9297,1
2022-02-12,17.9361,15.6889,267,692.4414,1
2022-02-13,17.8969,16.1133,266,676.3281,0
2022-02-14,17.6612,27.8177,266,648.5117,0
2022-02-15,17.4854,45.4946,266,604.2734,0
2022-02-16,18.0181,16.1161,265,588.1562,0
2022-02-17,19.3879,9.5053,265,579.5391,0
2022-02-18,18.7209,14.7095,265,577.1758,0
2022-02-19,19.6445,2.6407,265,578.4180,0
2022-02-20,19.6719,6.9366,265,574.7227,0
2022-02-21,19.0504,14.5273,265,566.8477,0
2022-02-22,18.1793,25.5976,265,544.5977,0
2022-02-23,18.2388,14.5926,264,530.0039,0
2022-02-24,18.7048,10.7622,264,519.4922,0
2022-02-25,19.4084,7.2088,264,512.5820,0
2022-02-26,18.5262,18.1098,264,496.5039,0
2022-02-27,17.4438,15.3604,264,482.7227,0
2022-02-28,18.6063,11.4288,263,471.2930,0
2022-03-01,19.5634,14.1821,263,457.7422,0
2022-03-02,19.2760,13.3739,263,444.8789,0
2022-03-03,19.4258,12.7015,263,432.6680,0
2022-03-04,19.7810,11.5318,263,422.0781,0
2022-03-05,20.0569,2.3041,263,424.3164,0
2022-03-06,19.7512,3.9535,262,420.3633,0
2022-03-07,19.6376,8.1129,262,424.3984,0
2022-03-08,19.6210,9.3198,263,418.2305,0
2022-03-09,19.6631,3.4075,263,415.2930,0
2022-03-10,19.4295,15.5125,262,399.7812,0
2022-03-11,19.6753,13.0277,262,387.0859,0
2022-03-12,18.9649,12.2209,262,375.3516,0
2022-03-13,19.5117,2.9426,262,373.9648,0
2022-03-14,20.4252,0.8922,262,382.7227,0
2022-03-15,19.9534,11.9314,262,391.3047,0
2022-03-16,19.6987,12.2600,262,396.6875,0
2022-03-17,19.6180,11.5047,262,387.7148,0
2022-03-18,18.9547,6.7048,262,382.3438,0
2022-03-19,19.3680,5.5771,262,381.5312,0
2022-03-20,18.2670,15.3685,262,369.9766,0
2022-03-21,18.5578,4.1518,262,367.5664,0
2022-03-22,18.0175,2.4886,262,368.8516,0
2022-03-23,18.5436,5.9781,261,362.8750,0
2022-03-24,18.9374,6.1822,261,374.7344,0
2022-03-25,19.8702,1.3666,261,379.5195,0
2022-03-26,19.8284,0.9637,261,386.7734,0
2022-03-27,20.4174,5.2967,262,386.0547,0
2022-03-28,19.6047,2.9440,262,390.2695,0
2022-03-29,18.6904,5.9466,262,397.5352,0
2022-03-30,18.6183,6.0678,262,397.6523,0
2022-03-31,18.1464,8.2464,261,389.4062,0
2022-04-01,18.5355,1.4224,261,397.1250,0
2022-04-02,19.2744,4.0946,261,407.0898,0
2022-04-03,19.9105,4.8289,261,441.6602,1
2022-04-04,19.4693,15.4147,261,443.6133,1
2022-04-05,19.8168,14.2398,261,439.2734,0
2022-04-06,19.8305,12.7473,262,468.0938,0
2022-04-07,19.0461,9.5358,262,473.7227,0
2022-04-08,19.1248,8.4105,262,489.1406,0
2022-04-09,18.2772,4.2119,262,514.4492,0
2022-04-10,18.3187,6.2809,262,551.0859,0
2022-04-11,19.0871,0.2909,262,567.9336,0
2022-04-12,19.2869,1.1191,262,575.7305,0
2022-04-13,19.2360,1.1911,262,577.2734,0
2022-04-14,19.2458,3.4809,262,585.2305,0
2022-04-15,19.4167,1.3433,262,596.3789,0
2022-04-16,19.2958,3.2878,262,608.5625,0
2022-04-17,19.3199,1.7066,262,610.5859,0
2022-04-18,19.0044,3.9797,262,621.6016,0
2022-04-19,19.2891,2.0347,262,639.3242,0
2022-04-20,18.7356,2.1043,262,656.3281,0
2022-04-21,18.1677,2.0990,262,670.1328,0
2022-04-22,17.8307,1.1616,262,689.3789,0
2022-04-23,18.8157,1.6356,262,698.7305,0
2022-04-24,19.0005,1.4682,262,705.0898,0
2022-04-25,19.1239,1.8311,262,727.6055,0
2022-04-26,18.6179,9.0518,262,733.8203,0
2022-04-27,17.6104,8.6741,262,739.3203,0
2022-04-28,15.5905,1.3785,262,767.4258,0
2022-04-29,16.6206,1.1101,262,775.7383,0
2022-04-30,16.4895,1.0438,262,784.5391,0
2022-05-01,16.7851,0.2723,261,784.2656,0
2022-05-02,15.4998,0.8254,261,798.4102,0
2022-05-03,14.8164,0.8998,261,814.2734,0
2022-05-04,15.6024,1.0462,260,813.2266,0
2022-05-05,16.1040,0.0181,260,827.7461,0
2022-05-06,16.1495,0.9346,260,842.8750,0
2022-05-07,16.1182,0.1864,260,849.4062,0
2022-05-08,16.9530,0.0653,259,849.3398,0
2022-05-09,16.8257,0.0000,259,860.3711,0
2022-05-10,16.9229,0.0000,259,860.7266,0
2022-05-11,16.3925,0.0105,259,875.8047,0
2022-05-12,16.2513,0.2351,259,878.2812,0
2022-05-13,16.6894,0.0262,259,878.4609,0
2022-05-14,15.2097,0.0687,258,878.3906,0
2022-05-15,14.6137,0.7000,258,888.9570,0
2022-05-16,14.9060,0.6309,258,895.8945,0
2022-05-17,14.6845,0.0925,257,895.8008,0
2022-05-18,14.5769,0.9499,257,912.0508,0
2022-05-19,15.5259,0.1674,256,911.8828,0
2022-05-20,16.6546,0.5288,256,913.0352,0
2022-05-21,17.5153,0.2055,256,930.2891,0
2022-05-22,17.5117,0.1221,255,930.1680,0
2022-05-23,18.0777,0.4520,255,943.0273,0
2022-05-24,17.0647,0.0157,255,984.9844,0
2022-05-25,16.8575,0.4735,255,1044.5625,0
